{
	"Format": "2.5.3",
	"Changes": [
		{
			"Action": "EditData",
			"Target": "aedenthorn.PersonalTravellingCart/dictionary",
			"Entries": {
				"PTCAedenthornCP": {
					"mapPath": "aedenthorn.PTCAedenthornCP/map",
					"spriteSheetPath": "aedenthorn.PTCAedenthornCP/cart",
					"entryTile": {
						"X": 6,
						"Y": 6
					},
					"left": {
						"backRect": {
							"X": 0,
							"Y": 0,
							"Width": 128,
							"Height": 128
						},
						"middleRect": {
							"X": 0,
							"Y": 128,
							"Width": 128,
							"Height": 128
						},
						"frontRect": {
							"X": 0,
							"Y": 256,
							"Width": 128,
							"Height": 128
						},
						"clickRect": {
							"X": 17,
							"Y": 26,
							"Width": 95,
							"Height": 57
						},
						"hitchRect": {
							"X": 0,
							"Y": 63,
							"Width": 19,
							"Height": 13
						},
						"collisionRect": {
							"X": 17,
							"Y": 50,
							"Width": 95,
							"Height": 40
						},
						"cartOffset": "40, -296",
						"playerOffset": "-74, -20",
						"frames": 2,
						"framerate": 64
					},
					"right": {
						"backRect": {
							"X": 0,
							"Y": 384,
							"Width": 128,
							"Height": 128
						},
						"middleRect": {
							"X": 0,
							"Y": 512,
							"Width": 128,
							"Height": 128
						},
						"frontRect": {
							"X": 0,
							"Y": 640,
							"Width": 128,
							"Height": 128
						},
						"clickRect": {
							"X": 17,
							"Y": 26,
							"Width": 95,
							"Height": 57
						},
						"hitchRect": {
							"X": 110,
							"Y": 63,
							"Width": 19,
							"Height": 13
						},
						"collisionRect": {
							"X": 17,
							"Y": 50,
							"Width": 95,
							"Height": 40
						},
						"cartOffset": "-444, -296",
						"playerOffset": "74, -20",
						"frames": 2,
						"framerate": 64
					},
					"up": {
						"backRect": {
							"X": 0,
							"Y": 768,
							"Width": 128,
							"Height": 128
						},
						"middleRect": {
							"X": 0,
							"Y": 0,
							"Width": 0,
							"Height": 0
						},
						"frontRect": {
							"X": 0,
							"Y": 896,
							"Width": 128,
							"Height": 128
						},
						"clickRect": {
							"X": 42,
							"Y": 27,
							"Width": 44,
							"Height": 87
						},
						"hitchRect": {
							"X": 52,
							"Y": 0,
							"Width": 23,
							"Height": 27
						},
						"collisionRect": {
							"X": 42,
							"Y": 51,
							"Width": 44,
							"Height": 67
						},
						"cartOffset": "-204, -60",
						"playerOffset": "0, -320",
						"frames": 0
					},
					"down": {
						"backRect": {
							"X": 0,
							"Y": 1024,
							"Width": 128,
							"Height": 128
						},
						"middleRect": {
							"X": 0,
							"Y": 0,
							"Width": 0,
							"Height": 0
						},
						"frontRect": {
							"X": 0,
							"Y": 1152,
							"Width": 128,
							"Height": 128
						},
						"clickRect": {
							"X": 42,
							"Y": 14,
							"Width": 44,
							"Height": 87
						},
						"hitchRect": {
							"X": 52,
							"Y": 88,
							"Width": 23,
							"Height": 27
						},
						"collisionRect": {
							"X": 42,
							"Y": 38,
							"Width": 44,
							"Height": 76
						},
						"cartOffset": "-204, -472",
						"playerOffset": "0, 192",
						"frames": 0
					}
				}
			}
		},
		{
			"Action": "Load",
			"Target": "aedenthorn.PTCAedenthornCP/cart",
			"FromFile": "assets/cart.png"
		},
		{
			"Action": "Load",
			"Target": "aedenthorn.PTCAedenthornCP/map",
			"FromFile": "assets/Cart.tmx"
		}
	]
}
